Student_ID,Name,Maths,Science,English,Attendance,Average_Marks
1,Ravi,78,85,80,92,81.0
2,Sneha,88,90,86,95,88.0
3,Amit,65,70,60,75,65.0
4,Neha,92,89,94,98,91.66666666666667
5,Rahul,55,60,58,68,57.666666666666664
6,Pooja,81,79,85,90,81.66666666666667
7,Arjun,73,76,70,85,73.0
8,Kiran,90,88,91,96,89.66666666666667
9,Meena,68,72,65,80,68.33333333333333
10,Suresh,84,82,86,93,84.0
